sample,marker_set,markers_requested,markers_present,mean_cpm10k_score,median_cpm10k_score,q75_cpm10k_score,spots_with_signal
Sample_8A,cardiomyocyte,TTN;MYH6;MYH7;TNNT2;TNNI3;ACTC1;MYL2;MYL7;MYBPC3;NPPA;NPPB,TTN;MYH6;MYH7;TNNT2;TNNI3;ACTC1;MYL2;MYL7;MYBPC3;NPPA;NPPB,1006.7935782921401,1043.0839002267574,1199.0950226244345,2870
Sample_8A,pacemaker_autonomic,HCN4;SHOX2;TBX3;TBX18;ISL1;CACNA1D;CACNA1G;RYR2;GJA5;TBX5,HCN4;SHOX2;TBX3;TBX18;ISL1;CACNA1G;RYR2;GJA5;TBX5,6.6682758990297355,0.0,9.751340809361286,1399
Sample_8A,macrophage_anxa4,ANXA4;CD68;LYZ;C1QA;C1QB;C1QC;CD14;FCGR3A;MSR1;MARCO;CD163;MRC1;IL1B;CCL2,ANXA4;CD68;LYZ;C1QA;C1QB;C1QC;CD14;FCGR3A;MSR1;MARCO;CD163;MRC1;IL1B;CCL2,5.160568772902219,0.0,6.013229104028864,900
Sample_8C,cardiomyocyte,TTN;MYH6;MYH7;TNNT2;TNNI3;ACTC1;MYL2;MYL7;MYBPC3;NPPA;NPPB,TTN;MYH6;MYH7;TNNT2;TNNI3;ACTC1;MYL2;MYL7;MYBPC3;NPPA;NPPB,690.3790087291461,729.8367144977734,1121.9676549865228,2146
Sample_8C,pacemaker_autonomic,HCN4;SHOX2;TBX3;TBX18;ISL1;CACNA1D;CACNA1G;RYR2;GJA5;TBX5,HCN4;SHOX2;TBX3;TBX18;ISL1;CACNA1G;RYR2;GJA5;TBX5,5.459725557489498,4.014452027298274,9.033423667570009,1216
Sample_8C,macrophage_anxa4,ANXA4;CD68;LYZ;C1QA;C1QB;C1QC;CD14;FCGR3A;MSR1;MARCO;CD163;MRC1;IL1B;CCL2,ANXA4;CD68;LYZ;C1QA;C1QB;C1QC;CD14;FCGR3A;MSR1;MARCO;CD163;MRC1;IL1B;CCL2,14.707364949304782,8.705745792222867,20.43318348998774,1668
Sample_9A,cardiomyocyte,TTN;MYH6;MYH7;TNNT2;TNNI3;ACTC1;MYL2;MYL7;MYBPC3;NPPA;NPPB,TTN;MYH6;MYH7;TNNT2;TNNI3;ACTC1;MYL2;MYL7;MYBPC3;NPPA;NPPB,654.6514608207045,694.012844416822,780.2880338688952,3369
Sample_9A,pacemaker_autonomic,HCN4;SHOX2;TBX3;TBX18;ISL1;CACNA1D;CACNA1G;RYR2;GJA5;TBX5,HCN4;SHOX2;TBX3;TBX18;ISL1;CACNA1G;RYR2;GJA5;TBX5,7.449626753387399,7.022471910112359,10.443088904603638,2791
Sample_9A,macrophage_anxa4,ANXA4;CD68;LYZ;C1QA;C1QB;C1QC;CD14;FCGR3A;MSR1;MARCO;CD163;MRC1;IL1B;CCL2,ANXA4;CD68;LYZ;C1QA;C1QB;C1QC;CD14;FCGR3A;MSR1;MARCO;CD163;MRC1;IL1B;CCL2,13.186833010780681,7.01508242721852,13.139745741042468,2916
Sample_9B,cardiomyocyte,TTN;MYH6;MYH7;TNNT2;TNNI3;ACTC1;MYL2;MYL7;MYBPC3;NPPA;NPPB,TTN;MYH6;MYH7;TNNT2;TNNI3;ACTC1;MYL2;MYL7;MYBPC3;NPPA;NPPB,651.1781081483127,698.6707306181775,835.990992101963,1990
Sample_9B,pacemaker_autonomic,HCN4;SHOX2;TBX3;TBX18;ISL1;CACNA1D;CACNA1G;RYR2;GJA5;TBX5,HCN4;SHOX2;TBX3;TBX18;ISL1;CACNA1G;RYR2;GJA5;TBX5,8.033427782884475,7.68344218209758,12.036411252851227,1510
Sample_9B,macrophage_anxa4,ANXA4;CD68;LYZ;C1QA;C1QB;C1QC;CD14;FCGR3A;MSR1;MARCO;CD163;MRC1;IL1B;CCL2,ANXA4;CD68;LYZ;C1QA;C1QB;C1QC;CD14;FCGR3A;MSR1;MARCO;CD163;MRC1;IL1B;CCL2,11.415153354907625,6.994240238882838,15.198055110585868,1581
Sample_9C,cardiomyocyte,TTN;MYH6;MYH7;TNNT2;TNNI3;ACTC1;MYL2;MYL7;MYBPC3;NPPA;NPPB,TTN;MYH6;MYH7;TNNT2;TNNI3;ACTC1;MYL2;MYL7;MYBPC3;NPPA;NPPB,893.5244631360531,1042.3378067745234,1165.7333458345727,2956
Sample_9C,pacemaker_autonomic,HCN4;SHOX2;TBX3;TBX18;ISL1;CACNA1D;CACNA1G;RYR2;GJA5;TBX5,HCN4;SHOX2;TBX3;TBX18;ISL1;CACNA1G;RYR2;GJA5;TBX5,6.16064716139217,5.736960694976137,9.377017009940747,2248
Sample_9C,macrophage_anxa4,ANXA4;CD68;LYZ;C1QA;C1QB;C1QC;CD14;FCGR3A;MSR1;MARCO;CD163;MRC1;IL1B;CCL2,ANXA4;CD68;LYZ;C1QA;C1QB;C1QC;CD14;FCGR3A;MSR1;MARCO;CD163;MRC1;IL1B;CCL2,10.936642294322105,5.894488653109343,12.129550729019819,2449
Sample_9D,cardiomyocyte,TTN;MYH6;MYH7;TNNT2;TNNI3;ACTC1;MYL2;MYL7;MYBPC3;NPPA;NPPB,TTN;MYH6;MYH7;TNNT2;TNNI3;ACTC1;MYL2;MYL7;MYBPC3;NPPA;NPPB,726.5694332368381,820.10582010582,933.8168631006347,2132
Sample_9D,pacemaker_autonomic,HCN4;SHOX2;TBX3;TBX18;ISL1;CACNA1D;CACNA1G;RYR2;GJA5;TBX5,HCN4;SHOX2;TBX3;TBX18;ISL1;CACNA1G;RYR2;GJA5;TBX5,4.256070270561193,2.493143854400399,6.91085003455425,1074
Sample_9D,macrophage_anxa4,ANXA4;CD68;LYZ;C1QA;C1QB;C1QC;CD14;FCGR3A;MSR1;MARCO;CD163;MRC1;IL1B;CCL2,ANXA4;CD68;LYZ;C1QA;C1QB;C1QC;CD14;FCGR3A;MSR1;MARCO;CD163;MRC1;IL1B;CCL2,7.695088419261377,4.440497335701599,9.84251968503937,1231
