sample,gene,total_counts,spots_detected,mean_count_per_spot,mean_cpm10k_per_spot
Sample_8A,ACTC1,62082.0,2800,21.608771319178558,165.88322736654786
Sample_8A,ANXA4,117.0,110,0.04072398190045249,0.3588072671845716
Sample_8A,C1QA,23.0,23,0.008005569091541943,0.0894156352855381
Sample_8A,C1QB,156.0,140,0.05429864253393665,0.519668167107023
Sample_8A,C1QC,112.0,109,0.03898364079359554,0.38287007639355874
Sample_8A,CACNA1D,0.0,0,0.0,0.0
Sample_8A,CACNA1G,0.0,0,0.0,0.0
Sample_8A,CCL2,88.0,84,0.030630003480682212,0.33988399624983556
Sample_8A,CD14,130.0,120,0.04524886877828054,0.43557103940416125
Sample_8A,CD163,76.0,73,0.026453184824225547,0.2764991761376703
Sample_8A,CD68,123.0,115,0.04281239122868082,0.48764387569618367
Sample_8A,FCGR3A,14.0,13,0.004872955099199443,0.05829651579037381
Sample_8A,GJA5,218.0,203,0.07587887225896275,0.6705752140340195
Sample_8A,HCN4,21.0,21,0.007309432648799165,0.1141778798734799
Sample_8A,IL1B,183.0,151,0.06369648451096414,0.8103261171193702
Sample_8A,ISL1,0.0,0,0.0,0.0
Sample_8A,LYZ,283.0,224,0.09850330664810303,1.1227964421713217
Sample_8A,MARCO,13.0,12,0.004524886877828055,0.06354469180921501
Sample_8A,MRC1,40.0,40,0.013922728854855551,0.13924074147637627
Sample_8A,MSR1,21.0,21,0.007309432648799165,0.0760050310770197
Sample_8A,MYBPC3,2147.0,1303,0.7473024712843718,6.130372407637381
Sample_8A,MYH6,42866.0,2732,14.920292377305952,112.1561957900933
Sample_8A,MYH7,1594.0,975,0.5548207448659938,4.571781176408768
Sample_8A,MYL2,1653.0,838,0.5753567699269057,4.767977247780815
Sample_8A,MYL7,39966.0,2728,13.910894535328925,106.35327558900613
Sample_8A,NPPA,120729.0,2843,42.021928297946396,327.96365023428666
Sample_8A,NPPB,7173.0,1970,2.4966933518969716,20.23648553510002
Sample_8A,RYR2,1046.0,801,0.3640793595544727,2.753523691634547
Sample_8A,SHOX2,22.0,22,0.007657500870170553,0.08098213573646315
Sample_8A,TBX18,118.0,112,0.041072050121823876,0.5643684174882827
Sample_8A,TBX3,45.0,42,0.015663069961712496,0.1167683828495842
Sample_8A,TBX5,814.0,656,0.28332753219631046,2.3678801774133587
Sample_8A,TNNI3,51331.0,2758,17.866689871214756,136.6174150654815
Sample_8A,TNNT2,30495.0,2653,10.614340410720501,81.88013091228244
Sample_8A,TTN,15023.0,2456,5.229028889662374,40.23306696751526
Sample_8C,ACTC1,43268.0,1832,20.096609382257316,67.32784023075457
Sample_8C,ANXA4,293.0,255,0.13608917789131444,0.7071162588812587
Sample_8C,C1QA,156.0,144,0.07245703669298653,0.4930829272948746
Sample_8C,C1QB,782.0,598,0.36321411983279145,2.491474295586699
Sample_8C,C1QC,518.0,428,0.24059451927542963,1.6689373702941896
Sample_8C,CACNA1D,0.0,0,0.0,0.0
Sample_8C,CACNA1G,2.0,2,0.0009289363678588017,0.003837611037433639
Sample_8C,CCL2,613.0,458,0.2847189967487227,1.6132459839345423
Sample_8C,CD14,518.0,433,0.24059451927542963,1.6062424596524385
Sample_8C,CD163,261.0,236,0.12122619600557362,0.7166054982775936
Sample_8C,CD68,323.0,285,0.15002322340919647,1.0933423366592054
Sample_8C,FCGR3A,284.0,247,0.13190896423594983,1.0215466469302872
Sample_8C,GJA5,398.0,319,0.18485833720390155,0.6990354262090702
Sample_8C,HCN4,67.0,61,0.031119368323269857,0.10354375880787281
Sample_8C,IL1B,56.0,50,0.026010218300046448,0.1722774738296177
Sample_8C,ISL1,0.0,0,0.0,0.0
Sample_8C,LYZ,665.0,485,0.3088713423130516,1.7868861954644732
Sample_8C,MARCO,181.0,161,0.08406874129122155,0.6809854655033867
Sample_8C,MRC1,141.0,127,0.06549001393404552,0.4316631101260662
Sample_8C,MSR1,75.0,70,0.03483511379470506,0.22395892687014993
Sample_8C,MYBPC3,2905.0,1061,1.3492800743149094,4.640802092264244
Sample_8C,MYH6,19554.0,1575,9.082210868555505,30.21937037463451
Sample_8C,MYH7,5764.0,1295,2.6771946121690666,9.094298528040538
Sample_8C,MYL2,1052.0,628,0.4886205294937297,1.769504613087324
Sample_8C,MYL7,30011.0,1780,13.939154667905248,49.35072185370903
Sample_8C,NPPA,236888.0,2132,110.0269391546679,383.6190633425178
Sample_8C,NPPB,26903.0,1728,12.49558755225267,44.520478761904265
Sample_8C,RYR2,1393.0,763,0.6470041802136554,2.2508155474375515
Sample_8C,SHOX2,37.0,37,0.017185322805387832,0.0936511523357675
Sample_8C,TBX18,187.0,169,0.08685555039479796,0.5083950421871987
Sample_8C,TBX3,65.0,62,0.030190431955411056,0.13858435949519
Sample_8C,TBX5,993.0,657,0.461216906641895,1.6618626599794133
Sample_8C,TNNI3,21893.0,1630,10.168601950766373,35.36084539014407
Sample_8C,TNNT2,23154.0,1679,10.754296330701347,38.19618211453286
Sample_8C,TTN,16928.0,1551,7.862517417556897,26.27990142755695
Sample_9A,ACTC1,161050.0,3338,47.605675436003544,119.96624689253109
Sample_9A,ANXA4,674.0,586,0.19923145137451967,0.590814341088491
Sample_9A,C1QA,83.0,78,0.02453443689033402,0.07643112577114186
Sample_9A,C1QB,880.0,712,0.2601241501625776,3.828481281926577
Sample_9A,C1QC,587.0,502,0.17351463198344663,0.5907879041952566
Sample_9A,CACNA1D,0.0,0,0.0,0.0
Sample_9A,CACNA1G,28.0,28,0.008276677505172924,0.01990515637277922
Sample_9A,CCL2,4057.0,1970,1.1992314513745197,3.906283331368037
Sample_9A,CD14,932.0,736,0.27549512267218446,0.9119545643776747
Sample_9A,CD163,511.0,444,0.15104936446940584,0.4823074423461316
Sample_9A,CD68,360.0,326,0.10641442506650901,0.34399051380587786
Sample_9A,FCGR3A,220.0,212,0.0650310375406444,0.2019886083844967
Sample_9A,GJA5,2365.0,1478,0.6990836535619273,1.7235399438655412
Sample_9A,HCN4,387.0,348,0.1143955069464972,0.3022275910236246
Sample_9A,IL1B,777.0,597,0.22967780076854863,0.9018537285557607
Sample_9A,ISL1,0.0,0,0.0,0.0
Sample_9A,LYZ,656.0,548,0.1939107301211942,0.6219475523254461
Sample_9A,MARCO,271.0,233,0.08010641442506651,0.2780887978869638
Sample_9A,MRC1,267.0,245,0.07892403192432752,0.27107760899559763
Sample_9A,MSR1,185.0,173,0.05468519065917824,0.18082620975322902
Sample_9A,MYBPC3,9470.0,2702,2.7992905704995565,7.017540912350704
Sample_9A,MYH6,157519.0,3334,46.5619272834762,114.90490940111482
Sample_9A,MYH7,12437.0,2865,3.676322790422702,9.750991026391425
Sample_9A,MYL2,2705.0,1449,0.7995861661247413,2.0306785423326312
Sample_9A,MYL7,77119.0,3277,22.796039018622526,59.17772932874491
Sample_9A,NPPA,156561.0,3344,46.27874667454922,126.81484564655288
Sample_9A,NPPB,23780.0,3111,7.02926396689329,21.204516285165628
Sample_9A,RYR2,2867.0,1726,0.8474726574046704,2.241631508161025
Sample_9A,SHOX2,33.0,32,0.00975465563109666,0.026239540853382433
Sample_9A,TBX18,533.0,476,0.1575524682234703,0.5099694858726761
Sample_9A,TBX3,150.0,142,0.04433934377771209,0.12413562567650657
Sample_9A,TBX5,3275.0,1852,0.9680756724800473,2.5019779015618644
Sample_9A,TNNI3,93893.0,3308,27.754360035471475,69.66075028906015
Sample_9A,TNNT2,95674.0,3301,28.28081584392551,73.19003122636194
Sample_9A,TTN,69140.0,3263,20.437481525273427,50.93322127009835
Sample_9B,ACTC1,55098.0,1941,27.68743718592965,100.29733116160695
Sample_9B,ANXA4,239.0,217,0.12010050251256281,0.5210768143634312
Sample_9B,C1QA,44.0,42,0.022110552763819097,0.12665868754279835
Sample_9B,C1QB,326.0,291,0.16381909547738693,0.8889623631366242
Sample_9B,C1QC,284.0,258,0.14271356783919598,0.7928193309665945
Sample_9B,CACNA1D,0.0,0,0.0,0.0
Sample_9B,CACNA1G,11.0,11,0.005527638190954774,0.024089416046043814
Sample_9B,CCL2,1461.0,890,0.7341708542713568,3.6176939528411927
Sample_9B,CD14,351.0,300,0.1763819095477387,0.8977951983662346
Sample_9B,CD163,210.0,195,0.10552763819095477,0.566639734613161
Sample_9B,CD68,147.0,136,0.07386934673366834,0.388921586573594
Sample_9B,FCGR3A,127.0,122,0.06381909547738693,0.33213754499173703
Sample_9B,GJA5,844.0,610,0.42412060301507537,1.5018305883506426
Sample_9B,HCN4,178.0,160,0.08944723618090453,0.31960079476237413
Sample_9B,IL1B,441.0,334,0.22160804020100502,1.4062139950131276
Sample_9B,ISL1,2.0,2,0.0010050251256281408,0.004751371782543854
Sample_9B,LYZ,375.0,308,0.1884422110552764,1.008691373484527
Sample_9B,MARCO,132.0,115,0.06633165829145729,0.3552191604618637
Sample_9B,MRC1,118.0,107,0.0592964824120603,0.33413993576812695
Sample_9B,MSR1,74.0,70,0.0371859296482412,0.1781836767846107
Sample_9B,MYBPC3,4283.0,1431,2.1522613065326635,7.79970598236673
Sample_9B,MYH6,53690.0,1921,26.979899497487438,97.71064494815491
Sample_9B,MYH7,5831.0,1557,2.930150753768844,10.821104183598111
Sample_9B,MYL2,955.0,632,0.4798994974874372,1.6959393628398256
Sample_9B,MYL7,31956.0,1876,16.058291457286433,59.228643885770495
Sample_9B,NPPA,92707.0,1971,46.58643216080402,179.286897733371
Sample_9B,NPPB,11547.0,1733,5.80251256281407,23.16514393382705
Sample_9B,RYR2,1575.0,951,0.7914572864321608,2.8665119148905625
Sample_9B,SHOX2,23.0,23,0.011557788944723618,0.047910005968682036
Sample_9B,TBX18,206.0,183,0.1035175879396985,0.5269812310968662
Sample_9B,TBX3,94.0,90,0.04723618090452261,0.19050879167742993
Sample_9B,TBX5,1359.0,883,0.6829145728643216,2.5512436683093296
Sample_9B,TNNI3,33065.0,1880,16.615577889447238,60.52124711810609
Sample_9B,TNNT2,35174.0,1899,17.67537688442211,64.24935069441
Sample_9B,TTN,25444.0,1861,12.785929648241206,46.402099144261605
Sample_9C,ACTC1,141356.0,2865,47.82002706359946,113.57160941726598
Sample_9C,ANXA4,637.0,537,0.21549391069012178,0.6958020074405814
Sample_9C,C1QA,191.0,179,0.06461434370771313,0.3113814710874337
Sample_9C,C1QB,1213.0,888,0.41035182679296345,1.8166178946274925
Sample_9C,C1QC,852.0,700,0.2882273342354533,1.3289832914904787
Sample_9C,CACNA1D,0.0,0,0.0,0.0
Sample_9C,CACNA1G,45.0,44,0.015223274695534507,0.037279417210686984
Sample_9C,CCL2,327.0,289,0.11062246278755074,0.3822921929268948
Sample_9C,CD14,907.0,725,0.3068335588633288,1.389531879165357
Sample_9C,CD163,718.0,596,0.2428958051420839,1.0090076635896306
Sample_9C,CD68,398.0,356,0.13464140730717186,0.5292629995875676
Sample_9C,FCGR3A,439.0,386,0.14851150202976995,0.6839485616567904
Sample_9C,GJA5,1010.0,731,0.3416779431664411,0.7625367041229015
Sample_9C,HCN4,293.0,266,0.09912043301759134,0.22931435439361592
Sample_9C,IL1B,27.0,27,0.009133964817320704,0.06137608693308332
Sample_9C,ISL1,0.0,0,0.0,0.0
Sample_9C,LYZ,622.0,518,0.2104194857916103,0.7963961535854518
Sample_9C,MARCO,843.0,613,0.2851826792963464,1.5029484826839226
Sample_9C,MRC1,278.0,260,0.09404600811907984,0.35052138535863236
Sample_9C,MSR1,62.0,60,0.02097428958051421,0.07857222418878865
Sample_9C,MYBPC3,7137.0,2123,2.414411366711773,5.922760952079184
Sample_9C,MYH6,169269.0,2891,57.262855209742895,134.1955651965706
Sample_9C,MYH7,6318.0,2068,2.1373477672530448,5.666968084792761
Sample_9C,MYL2,43.0,37,0.014546684709066306,0.04165003524024379
Sample_9C,MYL7,144021.0,2889,48.721583220568334,121.63312138216058
Sample_9C,NPPA,429483.0,2951,145.29194857916102,365.915608851887
Sample_9C,NPPB,16027.0,2470,5.421853856562923,15.128286312612627
Sample_9C,RYR2,2854.0,1494,0.9654939106901218,2.247497978867709
Sample_9C,SHOX2,68.0,67,0.023004059539918808,0.05999496202398903
Sample_9C,TBX18,404.0,339,0.13667117726657646,0.5199993740030878
Sample_9C,TBX3,91.0,87,0.030784844384303112,0.07537472651165837
Sample_9C,TBX5,2759.0,1479,0.9333558863328822,2.22864964425852
Sample_9C,TNNI3,47240.0,2672,15.98105548037889,38.209798891287676
Sample_9C,TNNT2,67565.0,2759,22.856901217861974,55.41640471102324
Sample_9C,TTN,46529.0,2680,15.740527740189446,37.82268930113327
Sample_9D,ACTC1,67768.0,2064,31.771214252226912,166.32681099926324
Sample_9D,ANXA4,285.0,248,0.13361462728551335,0.8547201007369728
Sample_9D,C1QA,15.0,15,0.007032348804500703,0.06034080445498349
Sample_9D,C1QB,344.0,285,0.1612751992498828,1.0964532131558575
Sample_9D,C1QC,148.0,134,0.06938584153774027,0.48213119841827307
Sample_9D,CACNA1D,0.0,0,0.0,0.0
Sample_9D,CACNA1G,5.0,5,0.0023441162681669013,0.011971388424761673
Sample_9D,CCL2,158.0,133,0.07407407407407407,0.46408665479427574
Sample_9D,CD14,224.0,197,0.10501640881387717,0.7137918717556351
Sample_9D,CD163,341.0,276,0.15986872948898265,1.1261596586990426
Sample_9D,CD68,83.0,79,0.038912330051570555,0.25262120181621667
Sample_9D,FCGR3A,67.0,65,0.031411157993436474,0.2047185972613608
Sample_9D,GJA5,374.0,321,0.1753398968588842,0.9160538329506451
Sample_9D,HCN4,41.0,40,0.01922175339896859,0.10067108041731936
Sample_9D,IL1B,2.0,2,0.0009376465072667605,0.002895529107486621
Sample_9D,ISL1,0.0,0,0.0,0.0
Sample_9D,LYZ,239.0,198,0.11204875761837788,0.8004033675903087
Sample_9D,MARCO,357.0,270,0.16736990154711673,1.216051009513339
Sample_9D,MRC1,104.0,99,0.04875761837787154,0.32888814151145446
Sample_9D,MSR1,27.0,26,0.012658227848101266,0.09182707044617046
Sample_9D,MYBPC3,871.0,669,0.4083450539146742,2.1267446858002064
Sample_9D,MYH6,85063.0,2070,39.87951242381622,207.94226633609873
Sample_9D,MYH7,771.0,579,0.36146272855133615,1.9970456504477914
Sample_9D,MYL2,8.0,8,0.003750586029067042,0.026603147932155416
Sample_9D,MYL7,21060.0,1944,9.873417721518987,52.293896395425286
Sample_9D,NPPA,51495.0,2061,24.142053445850916,127.89327771956708
Sample_9D,NPPB,5768.0,1628,2.704172526957337,14.320545786816986
Sample_9D,RYR2,261.0,237,0.12236286919831224,0.6574899803127997
Sample_9D,SHOX2,34.0,30,0.015939990623534926,0.10286321113279843
Sample_9D,TBX18,214.0,184,0.10032817627754337,0.7080378384503159
Sample_9D,TBX3,15.0,14,0.007032348804500703,0.036822453621647405
Sample_9D,TBX5,696.0,553,0.3263009845288326,1.7221604852509058
Sample_9D,TNNI3,20672.0,1958,9.691514299109237,50.9884257517495
Sample_9D,TNNT2,19567.0,1942,9.173464603844351,48.37989957360419
Sample_9D,TTN,22118.0,1958,10.369432723863104,54.2739171901329
