sample,Feature ID,Feature Name,Feature Type,I,P value,Adjusted p value,Feature Counts in Spots Under Tissue,Median Normalized Average Counts,Barcodes Detected per Feature
Sample_8A,ENSG00000175206,NPPA,Gene Expression,0.45607730740515134,0.0,0.0,120729,39.25724893304414,2843
Sample_8A,ENSG00000197616,MYH6,Gene Expression,0.39256862444709495,0.0,0.0,42866,13.425096636074189,2732
Sample_8A,ENSG00000129991,TNNI3,Gene Expression,0.3666325631612219,0.0,0.0,51331,16.353104583338133,2758
Sample_8A,ENSG00000120937,NPPB,Gene Expression,0.34398212104766634,0.0,0.0,7173,2.4223073185514723,1970
Sample_8A,ENSG00000111245,MYL2,Gene Expression,0.3393547778452426,0.0,0.0,1653,0.5707268765593639,838
Sample_8A,ENSG00000106631,MYL7,Gene Expression,0.33737283764154047,0.0,0.0,39966,12.730487088003992,2728
Sample_8A,ENSG00000159251,ACTC1,Gene Expression,0.3221374321264838,0.0,0.0,62082,19.856222315775806,2800
Sample_8A,ENSG00000118194,TNNT2,Gene Expression,0.3029043188740856,0.0,0.0,30495,9.80105167020021,2653
Sample_8A,ENSG00000155657,TTN,Gene Expression,0.2936105486494264,0.0,0.0,15023,4.815898116011575,2456
Sample_8A,ENSG00000092054,MYH7,Gene Expression,0.18908683835493295,0.0,0.0,1594,0.5472422068161307,975
Sample_8A,ENSG00000125538,IL1B,Gene Expression,0.09122636915580166,0.0,0.0,183,0.09699603621918862,151
Sample_8A,ENSG00000134571,MYBPC3,Gene Expression,0.08960526098184912,0.0,0.0,2147,0.733805577194194,1303
Sample_8A,ENSG00000090382,LYZ,Gene Expression,0.08376648869898191,0.0,0.0,283,0.1343987341279071,224
Sample_8A,ENSG00000198626,RYR2,Gene Expression,0.04613313428135911,3.6637359812630166e-14,1.6368697442257782e-12,1046,0.3295967858886551,801
Sample_8A,ENSG00000089225,TBX5,Gene Expression,0.03353390844707032,3.272718562818966e-08,9.680391053302662e-07,814,0.28343525723637925,656
Sample_8A,ENSG00000112837,TBX18,Gene Expression,0.03344098801082562,2.7411084513317974e-08,8.238186785358034e-07,118,0.06755489957334744,112
Sample_8A,ENSG00000159189,C1QC,Gene Expression,0.020449432953247353,0.0006454986499120352,0.009071528913834209,112,0.04582954814430897,109
Sample_8A,ENSG00000203747,FCGR3A,Gene Expression,0.012578121520201727,0.009173228005437517,0.0870613212158423,14,0.006978092940107745,13
Sample_8A,ENSG00000173369,C1QB,Gene Expression,0.00814862706570989,0.16397238454481178,0.694446711794623,156,0.06220427960271068,140
Sample_8A,ENSG00000170458,CD14,Gene Expression,0.007150268026328078,0.21927921699302644,0.8141781296786472,130,0.052137853416678086,120
Sample_8A,ENSG00000265107,GJA5,Gene Expression,0.005761255799805153,0.31706489882180144,0.9527224133037345,218,0.08026785311987214,203
Sample_8A,ENSG00000038945,MSR1,Gene Expression,0.0057524550377738475,0.30003216883014483,0.9343605119635616,21,0.009097802219919258,21
Sample_8A,ENSG00000129226,CD68,Gene Expression,0.0052186730157783405,0.3596162393081952,0.9879283702079553,123,0.05837097192083317,115
Sample_8A,ENSG00000177575,CD163,Gene Expression,0.004748390667339032,0.39955346880325493,0.9879283702079553,76,0.03309695138367913,73
Sample_8A,ENSG00000196975,ANXA4,Gene Expression,0.002543240782129728,0.6346724025674764,0.9879283702079553,117,0.04294922988199321,110
Sample_8A,ENSG00000108691,CCL2,Gene Expression,0.0025292814008835793,0.6349318250080118,0.9879283702079553,88,0.040684114351105305,84
Sample_8A,ENSG00000173372,C1QA,Gene Expression,0.0012842148444299456,0.7797576768187897,0.9879283702079553,23,0.010703051543678914,23
Sample_8A,ENSG00000260314,MRC1,Gene Expression,-0.0014821618621093087,0.8495434302773167,0.9879283702079553,40,0.016667116754722246,40
Sample_8A,ENSG00000135111,TBX3,Gene Expression,-0.0024861958162469065,0.7219272734242225,0.9879283702079553,45,0.013977175427095227,42
Sample_8A,ENSG00000019169,MARCO,Gene Expression,-0.002795290412815297,0.6700269545390317,0.9879283702079553,13,0.007606299609563039,12
Sample_8A,ENSG00000138622,HCN4,Gene Expression,-0.0032067876151860002,0.5851689651122951,0.9879283702079553,21,0.013667092220855548,21
Sample_8A,ENSG00000168779,SHOX2,Gene Expression,-0.003914047250670506,0.541215064300242,0.9879283702079553,22,0.00969356164765464,22
Sample_8C,ENSG00000175206,NPPA,Gene Expression,0.783336045528387,0.0,0.0,236888,69.20487902699017,2132
Sample_8C,ENSG00000159251,ACTC1,Gene Expression,0.7107997644543005,0.0,0.0,43268,12.145942377628126,1832
Sample_8C,ENSG00000129991,TNNI3,Gene Expression,0.6929475715695543,0.0,0.0,21893,6.379096508381992,1630
Sample_8C,ENSG00000118194,TNNT2,Gene Expression,0.6751689724758493,0.0,0.0,23154,6.890591253461745,1679
Sample_8C,ENSG00000197616,MYH6,Gene Expression,0.6722196833956336,0.0,0.0,19554,5.45157441558407,1575
Sample_8C,ENSG00000106631,MYL7,Gene Expression,0.6687372205319542,0.0,0.0,30011,8.902870222409103,1780
Sample_8C,ENSG00000120937,NPPB,Gene Expression,0.6620892315174245,0.0,0.0,26903,8.031494368647547,1728
Sample_8C,ENSG00000155657,TTN,Gene Expression,0.6588573174462589,0.0,0.0,16928,4.74089421753129,1551
Sample_8C,ENSG00000092054,MYH7,Gene Expression,0.5275292786643216,0.0,0.0,5764,1.6406114544585138,1295
Sample_8C,ENSG00000134571,MYBPC3,Gene Expression,0.369434234974695,0.0,0.0,2905,0.83720069744447,1061
Sample_8C,ENSG00000198626,RYR2,Gene Expression,0.21760763437145952,0.0,0.0,1393,0.40604712475773436,763
Sample_8C,ENSG00000111245,MYL2,Gene Expression,0.20766802375187796,0.0,0.0,1052,0.31921863220095303,628
Sample_8C,ENSG00000089225,TBX5,Gene Expression,0.11629993460064486,0.0,0.0,993,0.29980002386028587,657
Sample_8C,ENSG00000159189,C1QC,Gene Expression,0.08563464749552206,0.0,0.0,518,0.30107630160107174,428
Sample_8C,ENSG00000265107,GJA5,Gene Expression,0.08475621342141305,0.0,0.0,398,0.1261059908881163,319
Sample_8C,ENSG00000108691,CCL2,Gene Expression,0.07270555073613912,0.0,0.0,613,0.29102957550179176,458
Sample_8C,ENSG00000173369,C1QB,Gene Expression,0.06336965015116842,0.0,0.0,782,0.44946196292384016,598
Sample_8C,ENSG00000170458,CD14,Gene Expression,0.05697368217888372,6.661338147750939e-16,1.6488636225817935e-14,518,0.2897661397212999,433
Sample_8C,ENSG00000019169,MARCO,Gene Expression,0.05160650245517917,1.5720758028692217e-13,3.588098553244225e-12,181,0.122849777976811,161
Sample_8C,ENSG00000090382,LYZ,Gene Expression,0.04931936837804308,2.6560975641132245e-12,5.754999338572448e-11,665,0.3223542696617907,485
Sample_8C,ENSG00000125538,IL1B,Gene Expression,0.04182847104550192,1.3039713753215665e-09,2.40383627546168e-08,56,0.03107885627886304,50
Sample_8C,ENSG00000203747,FCGR3A,Gene Expression,0.03219607488094567,3.8885140831723675e-06,5.225541822730445e-05,284,0.18428701510622392,247
Sample_8C,ENSG00000129226,CD68,Gene Expression,0.027220900538461747,9.417385906584919e-05,0.0010244483692190762,323,0.19723895753332085,285
Sample_8C,ENSG00000138622,HCN4,Gene Expression,0.0212914341227236,0.0017901748996438371,0.014965748619274086,67,0.018679294088940264,61
Sample_8C,ENSG00000177575,CD163,Gene Expression,0.018478773657298435,0.007615839143282344,0.052011972249264606,261,0.12927563188927785,236
Sample_8C,ENSG00000173372,C1QA,Gene Expression,0.012675935196911382,0.06331629088987745,0.279663159174865,156,0.08895216008399538,144
Sample_8C,ENSG00000038945,MSR1,Gene Expression,0.011392482031271902,0.09070190828696179,0.3631979957911075,75,0.040402190407375034,70
Sample_8C,ENSG00000260314,MRC1,Gene Expression,0.010418053033720865,0.12335365878259608,0.44891165967721797,141,0.07787202506674233,127
Sample_8C,ENSG00000168779,SHOX2,Gene Expression,0.009199329886163633,0.1607761511970811,0.535367659680891,37,0.016894667881372456,37
Sample_8C,ENSG00000112837,TBX18,Gene Expression,0.008403262379763535,0.21120933871010505,0.6304799587856842,187,0.09171446561057059,169
Sample_8C,ENSG00000196975,ANXA4,Gene Expression,0.003841875437394569,0.5439130671692947,0.9817642925069267,293,0.12756377310217906,255
Sample_8C,ENSG00000135111,TBX3,Gene Expression,0.0027976571758051936,0.6406926398718049,0.9817642925069267,65,0.025000618452932277,62
Sample_8C,ENSG00000006283,CACNA1G,Gene Expression,-0.0010036924057169347,0.9042691459294319,0.9868156304114389,2,0.0006923050311530283,2
Sample_9A,ENSG00000197616,MYH6,Gene Expression,0.5910252100830384,0.0,0.0,157519,40.53845203671341,3334
Sample_9A,ENSG00000159251,ACTC1,Gene Expression,0.5852946623474863,0.0,0.0,161050,42.324091903685,3338
Sample_9A,ENSG00000175206,NPPA,Gene Expression,0.5843031905722288,0.0,0.0,156561,44.7402775441039,3344
Sample_9A,ENSG00000129991,TNNI3,Gene Expression,0.5795421279311258,0.0,0.0,93893,24.576312701980353,3308
Sample_9A,ENSG00000155657,TTN,Gene Expression,0.5366845629208215,0.0,0.0,69140,17.969240464090717,3263
Sample_9A,ENSG00000118194,TNNT2,Gene Expression,0.5280012345289696,0.0,0.0,95674,25.821443016660496,3301
Sample_9A,ENSG00000106631,MYL7,Gene Expression,0.4833491808258984,0.0,0.0,77119,20.877902907181205,3277
Sample_9A,ENSG00000120937,NPPB,Gene Expression,0.4667785474261262,0.0,0.0,23780,7.480953345406431,3111
Sample_9A,ENSG00000092054,MYH7,Gene Expression,0.3053378745641522,0.0,0.0,12437,3.4401496341108992,2865
Sample_9A,ENSG00000134571,MYBPC3,Gene Expression,0.28082294730547835,0.0,0.0,9470,2.4757884338773275,2702
Sample_9A,ENSG00000111245,MYL2,Gene Expression,0.19239273087410488,0.0,0.0,2705,0.7164233897349516,1449
Sample_9A,ENSG00000108691,CCL2,Gene Expression,0.15290967776436942,0.0,0.0,4057,1.3781367593066438,1970
Sample_9A,ENSG00000125538,IL1B,Gene Expression,0.1259015739901259,0.0,0.0,777,0.3181739954344724,597
Sample_9A,ENSG00000198626,RYR2,Gene Expression,0.12021010757450745,0.0,0.0,2867,0.7908475960792085,1726
Sample_9A,ENSG00000265107,GJA5,Gene Expression,0.10492962454004992,0.0,0.0,2365,0.6080648921957638,1478
Sample_9A,ENSG00000089225,TBX5,Gene Expression,0.09414223557114713,0.0,0.0,3275,0.8826978036710255,1852
Sample_9A,ENSG00000019169,MARCO,Gene Expression,0.07175959033225159,0.0,0.0,271,0.09810972789452083,233
Sample_9A,ENSG00000173369,C1QB,Gene Expression,0.05536320976144017,0.0,0.0,880,1.350688196263697,712
Sample_9A,ENSG00000170458,CD14,Gene Expression,0.052461443797700284,0.0,0.0,932,0.3217375703124435,736
Sample_9A,ENSG00000159189,C1QC,Gene Expression,0.032526400955461963,5.290973437155344e-09,7.502787775779381e-08,587,0.20842997260008664,502
Sample_9A,ENSG00000090382,LYZ,Gene Expression,0.024492192064977172,1.0417505495796675e-05,0.00010406869358591665,656,0.2194230964604174,548
Sample_9A,ENSG00000112837,TBX18,Gene Expression,0.020217973405170377,0.00026487400847807763,0.002110842098332988,533,0.17991723461588013,476
Sample_9A,ENSG00000138622,HCN4,Gene Expression,0.01954162438388182,0.0004180671054987428,0.003216687576253324,387,0.10662589411313472,348
Sample_9A,ENSG00000129226,CD68,Gene Expression,0.018734356222149622,0.0007080123862630572,0.005178369662319336,360,0.12135985327071376,326
Sample_9A,ENSG00000177575,CD163,Gene Expression,0.018289090934780938,0.000947968460812243,0.006764838140934045,511,0.1701580656597151,444
Sample_9A,ENSG00000168779,SHOX2,Gene Expression,0.013509386285054036,0.011452457252060677,0.0582613163267743,33,0.009257310013073325,32
Sample_9A,ENSG00000038945,MSR1,Gene Expression,0.007977778830004664,0.13973025101588865,0.42400571690072897,185,0.06379548680093917,173
Sample_9A,ENSG00000173372,C1QA,Gene Expression,0.007622239680914671,0.15492526501516557,0.4581462456916452,83,0.026964901172058842,78
Sample_9A,ENSG00000135111,TBX3,Gene Expression,0.006322536905017458,0.23711740812127058,0.6093844727610999,150,0.04379504873867151,142
Sample_9A,ENSG00000260314,MRC1,Gene Expression,0.005923330535225557,0.26715205004393616,0.6586060897779681,267,0.09563618045364684,245
Sample_9A,ENSG00000196975,ANXA4,Gene Expression,0.0024916500496511614,0.6203401037903546,0.982575843091801,674,0.2084392995360195,586
Sample_9A,ENSG00000203747,FCGR3A,Gene Expression,0.0019120036535720277,0.6937300789200158,0.982575843091801,220,0.07126158103805046,212
Sample_9A,ENSG00000006283,CACNA1G,Gene Expression,-0.006282261549715611,0.2731237827099351,0.66670163558144,28,0.0070225391683165096,28
Sample_9B,ENSG00000175206,NPPA,Gene Expression,0.7101599573037507,0.0,0.0,92707,43.52189442477587,1971
Sample_9B,ENSG00000197616,MYH6,Gene Expression,0.699252694318202,0.0,0.0,53690,23.719259061164614,1921
Sample_9B,ENSG00000159251,ACTC1,Gene Expression,0.6520579134886688,0.0,0.0,55098,24.347177139480078,1941
Sample_9B,ENSG00000129991,TNNI3,Gene Expression,0.6366676264076563,0.0,0.0,33065,14.691532737920271,1880
Sample_9B,ENSG00000118194,TNNT2,Gene Expression,0.61353621060923,0.0,0.0,35174,15.596529881068035,1899
Sample_9B,ENSG00000106631,MYL7,Gene Expression,0.5950006590551751,0.0,0.0,31956,14.377753303270795,1876
Sample_9B,ENSG00000155657,TTN,Gene Expression,0.5771884597355895,0.0,0.0,25444,11.264109567269523,1861
Sample_9B,ENSG00000120937,NPPB,Gene Expression,0.5089588124484956,0.0,0.0,11547,5.623338689936516,1733
Sample_9B,ENSG00000092054,MYH7,Gene Expression,0.33040486112137163,0.0,0.0,5831,2.6268230405684405,1557
Sample_9B,ENSG00000134571,MYBPC3,Gene Expression,0.30408390100466526,0.0,0.0,4283,1.8933786272195252,1431
Sample_9B,ENSG00000125538,IL1B,Gene Expression,0.2093645433701894,0.0,0.0,441,0.3413584472894366,334
Sample_9B,ENSG00000111245,MYL2,Gene Expression,0.1623664288996997,0.0,0.0,955,0.4116892803293679,632
Sample_9B,ENSG00000108691,CCL2,Gene Expression,0.14546856770380254,0.0,0.0,1461,0.8781952070521986,890
Sample_9B,ENSG00000198626,RYR2,Gene Expression,0.14531691757856585,0.0,0.0,1575,0.6958457673396834,951
Sample_9B,ENSG00000265107,GJA5,Gene Expression,0.1074067329330337,0.0,0.0,844,0.3645693753221185,610
Sample_9B,ENSG00000089225,TBX5,Gene Expression,0.09512342624522749,0.0,0.0,1359,0.6193144004820905,883
Sample_9B,ENSG00000019169,MARCO,Gene Expression,0.05883422474673147,4.440892098500626e-16,1.225410927343199e-14,132,0.08622945120211742,115
Sample_9B,ENSG00000173369,C1QB,Gene Expression,0.051104599357544446,2.1098678359976475e-12,5.0455109330975946e-11,326,0.2157956136514155,291
Sample_9B,ENSG00000170458,CD14,Gene Expression,0.051011973944462025,2.3736568266485847e-12,5.6629626548322725e-11,351,0.21793978440340325,300
Sample_9B,ENSG00000112837,TBX18,Gene Expression,0.045833224756215006,2.6289526111611394e-10,5.614739067902863e-09,206,0.12792469384876426,183
Sample_9B,ENSG00000159189,C1QC,Gene Expression,0.045463277203185215,3.932461023481437e-10,8.283633650334808e-09,284,0.19245689259214088,258
Sample_9B,ENSG00000090382,LYZ,Gene Expression,0.039140025026986214,6.859800905090196e-08,1.2396744904871866e-06,375,0.24485983091336905,308
Sample_9B,ENSG00000260314,MRC1,Gene Expression,0.031335013099805804,1.2453369317544372e-05,0.00017746313564133366,118,0.08111246940771283,107
Sample_9B,ENSG00000138622,HCN4,Gene Expression,0.02585658255301005,0.00032929610651732943,0.0037483469998254556,178,0.07758309292856633,160
Sample_9B,ENSG00000203747,FCGR3A,Gene Expression,0.019435308724619963,0.00646772447709254,0.05107449091037364,127,0.0806263890467442,122
Sample_9B,ENSG00000177575,CD163,Gene Expression,0.018846718163039435,0.008382829660243285,0.06294450264747072,210,0.13755179557734476,195
Sample_9B,ENSG00000129226,CD68,Gene Expression,0.01368624883939372,0.05274189516552319,0.2679768493643175,147,0.09441071514073998,136
Sample_9B,ENSG00000135111,TBX3,Gene Expression,0.00330563302580274,0.6022267678386821,0.9902614759967002,94,0.046246009179696124,90
Sample_9B,ENSG00000173372,C1QA,Gene Expression,0.0027501587317308993,0.6526998457296698,0.9902614759967002,44,0.030746396401014304,42
Sample_9B,ENSG00000038945,MSR1,Gene Expression,0.0024173680182309936,0.688832676653381,0.9902614759967002,74,0.043254087539464255,70
Sample_9B,ENSG00000016082,ISL1,Gene Expression,-0.0004143485067256367,0.9845156179784109,0.9968277585120496,2,0.001153395500212521,2
Sample_9B,ENSG00000168779,SHOX2,Gene Expression,-0.004274571852518067,0.5953882596776394,0.9902614759967002,23,0.011630153948897567,23
Sample_9B,ENSG00000006283,CACNA1G,Gene Expression,-0.005030940500101533,0.5126723785238072,0.9902614759967002,11,0.005847705745177136,11
Sample_9B,ENSG00000196975,ANXA4,Gene Expression,-0.006401793413671512,0.421521199942017,0.9558963798122023,239,0.12649139668672296,217
Sample_9C,ENSG00000175206,NPPA,Gene Expression,0.7027402901294508,0.0,0.0,429483,117.6601640263243,2951
Sample_9C,ENSG00000197616,MYH6,Gene Expression,0.6675620568310611,0.0,0.0,169269,43.15058398895718,2891
Sample_9C,ENSG00000159251,ACTC1,Gene Expression,0.6638666959283993,0.0,0.0,141356,36.518951008122016,2865
Sample_9C,ENSG00000106631,MYL7,Gene Expression,0.6306915925406951,0.0,0.0,144021,39.11113018043378,2889
Sample_9C,ENSG00000129991,TNNI3,Gene Expression,0.5968826732932068,0.0,0.0,47240,12.28636083349356,2672
Sample_9C,ENSG00000118194,TNNT2,Gene Expression,0.5937985050005287,0.0,0.0,67565,17.81914493482958,2759
Sample_9C,ENSG00000155657,TTN,Gene Expression,0.5860651636615208,0.0,0.0,46529,12.161885744779436,2680
Sample_9C,ENSG00000120937,NPPB,Gene Expression,0.47289480500806447,0.0,0.0,16027,4.864500463820586,2470
Sample_9C,ENSG00000134571,MYBPC3,Gene Expression,0.30521686454274044,0.0,0.0,7137,1.9044637841410594,2123
Sample_9C,ENSG00000092054,MYH7,Gene Expression,0.2946339691509364,0.0,0.0,6318,1.8222135876651087,2068
Sample_9C,ENSG00000198626,RYR2,Gene Expression,0.19500371750699666,0.0,0.0,2854,0.7226829751049129,1494
Sample_9C,ENSG00000019169,MARCO,Gene Expression,0.19238896390934718,0.0,0.0,843,0.48327308460701535,613
Sample_9C,ENSG00000089225,TBX5,Gene Expression,0.1626320257726617,0.0,0.0,2759,0.7166222931113269,1479
Sample_9C,ENSG00000173369,C1QB,Gene Expression,0.13938437075774562,0.0,0.0,1213,0.5841334840174698,888
Sample_9C,ENSG00000159189,C1QC,Gene Expression,0.12253724067809817,0.0,0.0,852,0.4273345773787635,700
Sample_9C,ENSG00000170458,CD14,Gene Expression,0.11901232419917979,0.0,0.0,907,0.4468039757456207,725
Sample_9C,ENSG00000265107,GJA5,Gene Expression,0.09020363081382898,0.0,0.0,1010,0.24519367721071877,731
Sample_9C,ENSG00000203747,FCGR3A,Gene Expression,0.07105335526701007,0.0,0.0,439,0.21992366000074107,386
Sample_9C,ENSG00000177575,CD163,Gene Expression,0.057495674993323594,0.0,0.0,718,0.3244464142272457,596
Sample_9C,ENSG00000173372,C1QA,Gene Expression,0.05412985182498971,0.0,0.0,191,0.10012471202816434,179
Sample_9C,ENSG00000112837,TBX18,Gene Expression,0.04637101137000246,1.2656542480726785e-14,2.1436000328140803e-13,404,0.16720579871069294,339
Sample_9C,ENSG00000111245,MYL2,Gene Expression,0.040097315821260804,8.941958284935936e-12,1.3081446851502664e-10,43,0.013392568831500395,37
Sample_9C,ENSG00000138622,HCN4,Gene Expression,0.038336276218871375,1.7085466375021952e-10,2.29722390740819e-09,293,0.07373603065526724,266
Sample_9C,ENSG00000090382,LYZ,Gene Expression,0.03493271871893796,5.968836980230208e-09,7.143145696204233e-08,622,0.25608118318540196,518
Sample_9C,ENSG00000196975,ANXA4,Gene Expression,0.02923672838305789,1.0729584987156926e-06,1.0493587300016858e-05,637,0.22373513549251892,537
Sample_9C,ENSG00000129226,CD68,Gene Expression,0.024060691468793284,5.6065871794963584e-05,0.000441396402136409,398,0.17018451751738234,356
Sample_9C,ENSG00000038945,MSR1,Gene Expression,0.022663680119785326,0.00010113799079269903,0.0007653227155622024,62,0.025264898687904973,60
Sample_9C,ENSG00000260314,MRC1,Gene Expression,0.00748422496968589,0.19588744122164536,0.48979617609435644,278,0.1127101514620683,260
Sample_9C,ENSG00000108691,CCL2,Gene Expression,0.007382459667777617,0.20203718748830424,0.5006525909737649,327,0.12292605463564302,289
Sample_9C,ENSG00000125538,IL1B,Gene Expression,0.007006213431223489,0.20866989131430458,0.5121838336800338,27,0.01973548075333294,27
Sample_9C,ENSG00000006283,CACNA1G,Gene Expression,-6.832284711121233e-05,0.9637581681965148,0.9860357953155142,45,0.0119871966040964,44
Sample_9C,ENSG00000168779,SHOX2,Gene Expression,-0.0011826816227916113,0.8875884775260914,0.981716946353657,68,0.019291380038813668,67
Sample_9C,ENSG00000135111,TBX3,Gene Expression,-0.005712589200722729,0.37144821965865227,0.7356394287393121,91,0.02423674330982375,87
Sample_9D,ENSG00000197616,MYH6,Gene Expression,0.6957276903103533,0.0,0.0,85063,35.953217849511454,2070
Sample_9D,ENSG00000159251,ACTC1,Gene Expression,0.6703695033968203,0.0,0.0,67768,28.757905621772597,2064
Sample_9D,ENSG00000175206,NPPA,Gene Expression,0.5896223693215412,0.0,0.0,51495,22.1127477177132,2061
Sample_9D,ENSG00000155657,TTN,Gene Expression,0.5777205662513815,0.0,0.0,22118,9.383960282173982,1958
Sample_9D,ENSG00000118194,TNNT2,Gene Expression,0.5624746927335108,0.0,0.0,19567,8.364884636276159,1942
Sample_9D,ENSG00000129991,TNNI3,Gene Expression,0.5472488163498078,0.0,0.0,20672,8.815898812477501,1958
Sample_9D,ENSG00000106631,MYL7,Gene Expression,0.5373153988664747,0.0,0.0,21060,9.041614686769025,1944
Sample_9D,ENSG00000120937,NPPB,Gene Expression,0.3530184378097728,0.0,0.0,5768,2.4760223665406556,1628
Sample_9D,ENSG00000019169,MARCO,Gene Expression,0.1391485659836799,0.0,0.0,357,0.21025521954485643,270
Sample_9D,ENSG00000112837,TBX18,Gene Expression,0.09478877175497759,0.0,0.0,214,0.12241974226805968,184
Sample_9D,ENSG00000173369,C1QB,Gene Expression,0.08188589010355313,0.0,0.0,344,0.18957676055464762,285
Sample_9D,ENSG00000177575,CD163,Gene Expression,0.07697073129885519,0.0,0.0,341,0.19471300498906446,276
Sample_9D,ENSG00000134571,MYBPC3,Gene Expression,0.06194242858125209,0.0,0.0,871,0.3677141561748561,669
Sample_9D,ENSG00000092054,MYH7,Gene Expression,0.05849299570054699,0.0,0.0,771,0.345289192962423,579
Sample_9D,ENSG00000170458,CD14,Gene Expression,0.055611413597260774,2.220446049250313e-15,9.521424053234155e-14,224,0.12341461462654929,197
Sample_9D,ENSG00000265107,GJA5,Gene Expression,0.04319055333015793,7.409071134389933e-10,2.2822963204588093e-08,374,0.1583857077171665,321
Sample_9D,ENSG00000089225,TBX5,Gene Expression,0.04124628847880433,4.132565623038431e-09,1.2135592512479004e-07,696,0.2977615478998819,553
Sample_9D,ENSG00000159189,C1QC,Gene Expression,0.02427530937006345,0.00045869173023938004,0.007115614569612746,148,0.08336048420651943,134
Sample_9D,ENSG00000090382,LYZ,Gene Expression,0.02410773857353115,0.0005100670110163019,0.007784581864792782,239,0.13838974225636444,198
Sample_9D,ENSG00000196975,ANXA4,Gene Expression,0.02283897872446537,0.0009937391088612468,0.014070823742168536,285,0.1477811054174226,248
Sample_9D,ENSG00000138622,HCN4,Gene Expression,0.01762076746666503,0.009680689080339366,0.09310938392682624,41,0.017406029804154517,40
Sample_9D,ENSG00000129226,CD68,Gene Expression,0.017394141542469335,0.010833125857405923,0.10124780290506812,83,0.043678205794023865,79
Sample_9D,ENSG00000203747,FCGR3A,Gene Expression,0.017353185283509386,0.010938776116487858,0.10217195959298746,67,0.035395845466489294,65
Sample_9D,ENSG00000198626,RYR2,Gene Expression,0.008345671775158893,0.21327014114897502,0.7662698192103378,261,0.11368001759608301,237
Sample_9D,ENSG00000111245,MYL2,Gene Expression,0.0037530993245255407,0.5182866686922369,0.9876839247320366,8,0.004599684277469672,8
Sample_9D,ENSG00000108691,CCL2,Gene Expression,0.0035111355789540608,0.5727840903117718,0.9876839247320366,158,0.0802405826139303,133
Sample_9D,ENSG00000038945,MSR1,Gene Expression,0.0022661073577976295,0.6923304439636535,0.9876839247320366,27,0.015876900480142873,26
Sample_9D,ENSG00000135111,TBX3,Gene Expression,-0.0007718948154557131,0.9641124262527039,0.9910218186610475,15,0.006366602231182837,14
Sample_9D,ENSG00000125538,IL1B,Gene Expression,-0.0007942806445364703,0.9460660553300005,0.9878722175781384,2,0.0005006369826844368,2
Sample_9D,ENSG00000006283,CACNA1G,Gene Expression,-0.0022524009495715046,0.7770862329010405,0.9876839247320366,5,0.0020698530586412936,5
Sample_9D,ENSG00000260314,MRC1,Gene Expression,-0.0029729551452525827,0.7216266768921014,0.9876839247320366,104,0.056864759667330456,99
Sample_9D,ENSG00000173372,C1QA,Gene Expression,-0.006151905956568361,0.40038580982948624,0.9828030733955689,15,0.010432925090266646,15
Sample_9D,ENSG00000168779,SHOX2,Gene Expression,-0.0077359995289092804,0.29319158200648565,0.879884818215757,34,0.01778504920486085,30
