sample,rank_by_morans_i,Feature ID,Feature Name,Feature Type,I,P value,Adjusted p value,Feature Counts in Spots Under Tissue,Median Normalized Average Counts,Barcodes Detected per Feature
Sample_8A,1,ENSG00000123689,G0S2,Gene Expression,0.5249782336145354,0.0,0.0,3254,2.1676572878676774,1551
Sample_8A,2,ENSG00000099194,SCD,Gene Expression,0.4656053263518161,0.0,0.0,699,0.5598006229090363,428
Sample_8A,3,ENSG00000175206,NPPA,Gene Expression,0.45607730740515134,0.0,0.0,120729,39.25724893304414,2843
Sample_8A,4,ENSG00000170323,FABP4,Gene Expression,0.41824145125816886,0.0,0.0,1034,0.7614632717868379,687
Sample_8A,5,ENSG00000197616,MYH6,Gene Expression,0.39256862444709495,0.0,0.0,42866,13.425096636074189,2732
Sample_8A,6,ENSG00000198125,MB,Gene Expression,0.36744602473974564,0.0,0.0,57517,18.53902378661758,2776
Sample_8A,7,ENSG00000129991,TNNI3,Gene Expression,0.3666325631612219,0.0,0.0,51331,16.353104583338133,2758
Sample_8A,8,ENSG00000120937,NPPB,Gene Expression,0.34398212104766634,0.0,0.0,7173,2.4223073185514723,1970
Sample_8A,9,ENSG00000111245,MYL2,Gene Expression,0.3393547778452426,0.0,0.0,1653,0.5707268765593639,838
Sample_8A,10,ENSG00000106631,MYL7,Gene Expression,0.33737283764154047,0.0,0.0,39966,12.730487088003992,2728
Sample_8A,11,ENSG00000159251,ACTC1,Gene Expression,0.3221374321264838,0.0,0.0,62082,19.856222315775806,2800
Sample_8A,12,ENSG00000166819,PLIN1,Gene Expression,0.3109119579699882,0.0,0.0,256,0.2273026261453933,205
Sample_8A,13,ENSG00000173991,TCAP,Gene Expression,0.30677761278509996,0.0,0.0,28577,9.18284608255734,2628
Sample_8A,14,ENSG00000148677,ANKRD1,Gene Expression,0.30618890071441873,0.0,0.0,18443,5.900596335335272,2516
Sample_8A,15,ENSG00000118194,TNNT2,Gene Expression,0.3029043188740856,0.0,0.0,30495,9.80105167020021,2653
Sample_8A,16,ENSG00000155657,TTN,Gene Expression,0.2936105486494264,0.0,0.0,15023,4.815898116011575,2456
Sample_8A,17,ENSG00000140416,TPM1,Gene Expression,0.29310917100635325,0.0,0.0,24631,7.874329209615188,2612
Sample_8A,18,ENSG00000104879,CKM,Gene Expression,0.2864439075142696,0.0,0.0,9436,2.932374531764341,2268
Sample_8A,19,ENSG00000125740,FOSB,Gene Expression,0.27617390010521997,0.0,0.0,2305,1.199569925076675,1220
Sample_8A,20,ENSG00000151729,SLC25A4,Gene Expression,0.27124550097496575,0.0,0.0,21375,6.849059199428518,2576
Sample_8C,1,ENSG00000175206,NPPA,Gene Expression,0.783336045528387,0.0,0.0,236888,69.20487902699017,2132
Sample_8C,2,ENSG00000159251,ACTC1,Gene Expression,0.7107997644543005,0.0,0.0,43268,12.145942377628126,1832
Sample_8C,3,ENSG00000129991,TNNI3,Gene Expression,0.6929475715695543,0.0,0.0,21893,6.379096508381992,1630
Sample_8C,4,ENSG00000211592,IGKC,Gene Expression,0.6794973789714431,0.0,0.0,7417,6.335127951890461,1276
Sample_8C,5,ENSG00000118194,TNNT2,Gene Expression,0.6751689724758493,0.0,0.0,23154,6.890591253461745,1679
Sample_8C,6,ENSG00000197616,MYH6,Gene Expression,0.6722196833956336,0.0,0.0,19554,5.45157441558407,1575
Sample_8C,7,ENSG00000198125,MB,Gene Expression,0.6714561050307528,0.0,0.0,29349,8.567585119413168,1747
Sample_8C,8,ENSG00000106631,MYL7,Gene Expression,0.6687372205319542,0.0,0.0,30011,8.902870222409103,1780
Sample_8C,9,ENSG00000120937,NPPB,Gene Expression,0.6620892315174245,0.0,0.0,26903,8.031494368647547,1728
Sample_8C,10,ENSG00000114854,TNNC1,Gene Expression,0.6606438509284425,0.0,0.0,14544,4.171880997250852,1528
Sample_8C,11,ENSG00000140416,TPM1,Gene Expression,0.6601134392178889,0.0,0.0,34552,10.110338781786131,1852
Sample_8C,12,ENSG00000148677,ANKRD1,Gene Expression,0.658967782986694,0.0,0.0,20506,5.917830411950261,1649
Sample_8C,13,ENSG00000155657,TTN,Gene Expression,0.6588573174462589,0.0,0.0,16928,4.74089421753129,1551
Sample_8C,14,ENSG00000173991,TCAP,Gene Expression,0.6421829473229812,0.0,0.0,16422,4.952865690891739,1612
Sample_8C,15,ENSG00000123689,G0S2,Gene Expression,0.6251096161433088,0.0,0.0,3216,2.0862502246096644,1248
Sample_8C,16,ENSG00000211896,IGHG1,Gene Expression,0.6124463008505742,0.0,0.0,2375,2.103714968474951,729
Sample_8C,17,ENSG00000175084,DES,Gene Expression,0.6110168484484677,0.0,0.0,12259,3.5337971696289476,1538
Sample_8C,18,ENSG00000163217,BMP10,Gene Expression,0.6094085464354305,0.0,0.0,11114,3.2623754122178146,1464
Sample_8C,19,ENSG00000104879,CKM,Gene Expression,0.5957028307866341,0.0,0.0,10983,3.1454460293562265,1482
Sample_8C,20,ENSG00000170323,FABP4,Gene Expression,0.594125740664587,0.0,0.0,3104,2.3702976050426745,1146
Sample_9A,1,ENSG00000188536,HBA2,Gene Expression,0.6140716187479919,0.0,0.0,10980,7.436338264568201,2495
Sample_9A,2,ENSG00000198125,MB,Gene Expression,0.5935024562184786,0.0,0.0,166262,43.20041119756389,3333
Sample_9A,3,ENSG00000197616,MYH6,Gene Expression,0.5910252100830384,0.0,0.0,157519,40.53845203671341,3334
Sample_9A,4,ENSG00000125148,MT2A,Gene Expression,0.5865750006525833,0.0,0.0,11965,5.3056954384706,2916
Sample_9A,5,ENSG00000159251,ACTC1,Gene Expression,0.5852946623474863,0.0,0.0,161050,42.324091903685,3338
Sample_9A,6,ENSG00000175206,NPPA,Gene Expression,0.5843031905722288,0.0,0.0,156561,44.7402775441039,3344
Sample_9A,7,ENSG00000129991,TNNI3,Gene Expression,0.5795421279311258,0.0,0.0,93893,24.576312701980353,3308
Sample_9A,8,ENSG00000211675,IGLC1,Gene Expression,0.5401851924530666,0.0,0.0,1034,0.5060282449925138,345
Sample_9A,9,ENSG00000155657,TTN,Gene Expression,0.5366845629208215,0.0,0.0,69140,17.969240464090717,3263
Sample_9A,10,ENSG00000211899,IGHM,Gene Expression,0.5351729286576327,0.0,0.0,1690,0.898693419284457,528
Sample_9A,11,ENSG00000118194,TNNT2,Gene Expression,0.5280012345289696,0.0,0.0,95674,25.821443016660496,3301
Sample_9A,12,ENSG00000198336,MYL4,Gene Expression,0.5037394921123387,0.0,0.0,49441,12.961923440205208,3215
Sample_9A,13,ENSG00000148677,ANKRD1,Gene Expression,0.5028866866046369,0.0,0.0,78679,20.8984986517497,3278
Sample_9A,14,ENSG00000211592,IGKC,Gene Expression,0.5000643002337167,0.0,0.0,5730,2.6030000583244206,1644
Sample_9A,15,ENSG00000140416,TPM1,Gene Expression,0.48757334743563385,0.0,0.0,63401,17.153640128541262,3273
Sample_9A,16,ENSG00000106631,MYL7,Gene Expression,0.4833491808258984,0.0,0.0,77119,20.877902907181205,3277
Sample_9A,17,ENSG00000170323,FABP4,Gene Expression,0.4800061334982781,0.0,0.0,1260,0.6341589430209187,812
Sample_9A,18,ENSG00000104879,CKM,Gene Expression,0.47783546991902254,0.0,0.0,27901,7.2351966637013785,3057
Sample_9A,19,ENSG00000173991,TCAP,Gene Expression,0.471781253551845,0.0,0.0,65927,17.70293488422369,3276
Sample_9A,20,ENSG00000120937,NPPB,Gene Expression,0.4667785474261262,0.0,0.0,23780,7.480953345406431,3111
Sample_9B,1,ENSG00000175206,NPPA,Gene Expression,0.7101599573037507,0.0,0.0,92707,43.52189442477587,1971
Sample_9B,2,ENSG00000197616,MYH6,Gene Expression,0.699252694318202,0.0,0.0,53690,23.719259061164614,1921
Sample_9B,3,ENSG00000125148,MT2A,Gene Expression,0.6920455973616828,0.0,0.0,7742,5.677891344907754,1678
Sample_9B,4,ENSG00000198125,MB,Gene Expression,0.6667758482406552,0.0,0.0,55158,24.261100614049134,1916
Sample_9B,5,ENSG00000159251,ACTC1,Gene Expression,0.6520579134886688,0.0,0.0,55098,24.347177139480078,1941
Sample_9B,6,ENSG00000129991,TNNI3,Gene Expression,0.6366676264076563,0.0,0.0,33065,14.691532737920271,1880
Sample_9B,7,ENSG00000118194,TNNT2,Gene Expression,0.61353621060923,0.0,0.0,35174,15.596529881068035,1899
Sample_9B,8,ENSG00000106631,MYL7,Gene Expression,0.5950006590551751,0.0,0.0,31956,14.377753303270795,1876
Sample_9B,9,ENSG00000211592,IGKC,Gene Expression,0.591973605267081,0.0,0.0,6338,4.530212818950414,1207
Sample_9B,10,ENSG00000140416,TPM1,Gene Expression,0.584569579343932,0.0,0.0,28905,12.919520605811304,1871
Sample_9B,11,ENSG00000155657,TTN,Gene Expression,0.5771884597355895,0.0,0.0,25444,11.264109567269523,1861
Sample_9B,12,ENSG00000198336,MYL4,Gene Expression,0.575248473403597,0.0,0.0,16602,7.323196831185093,1768
Sample_9B,13,ENSG00000148677,ANKRD1,Gene Expression,0.5728384894874893,0.0,0.0,26471,11.76512529979388,1853
Sample_9B,14,ENSG00000125740,FOSB,Gene Expression,0.5675833038789083,0.0,0.0,4131,3.3163033812071854,1399
Sample_9B,15,ENSG00000173991,TCAP,Gene Expression,0.5481311620270608,0.0,0.0,22090,9.847955835595409,1829
Sample_9B,16,ENSG00000188536,HBA2,Gene Expression,0.5432661397887925,0.0,0.0,4144,3.573407518704108,1092
Sample_9B,17,ENSG00000171223,JUNB,Gene Expression,0.515749655241543,0.0,0.0,9164,5.83999901997454,1873
Sample_9B,18,ENSG00000109846,CRYAB,Gene Expression,0.5142781829807755,0.0,0.0,25674,11.572764693362158,1885
Sample_9B,19,ENSG00000114854,TNNC1,Gene Expression,0.5128050141059955,0.0,0.0,15159,6.7143590125553665,1769
Sample_9B,20,ENSG00000120937,NPPB,Gene Expression,0.5089588124484956,0.0,0.0,11547,5.623338689936516,1733
Sample_9C,1,ENSG00000179914,ITLN1,Gene Expression,0.771314266242303,0.0,0.0,55282,26.48229829880651,2910
Sample_9C,2,ENSG00000211899,IGHM,Gene Expression,0.7270105875608143,0.0,0.0,4840,3.175431162500489,806
Sample_9C,3,ENSG00000211592,IGKC,Gene Expression,0.7090228994467656,0.0,0.0,6058,3.9066027948544173,943
Sample_9C,4,ENSG00000175206,NPPA,Gene Expression,0.7027402901294508,0.0,0.0,429483,117.6601640263243,2951
Sample_9C,5,ENSG00000211598,IGKV4-1,Gene Expression,0.6865296745583892,0.0,0.0,1984,1.3999109705915629,440
Sample_9C,6,ENSG00000197616,MYH6,Gene Expression,0.6675620568310611,0.0,0.0,169269,43.15058398895718,2891
Sample_9C,7,ENSG00000159251,ACTC1,Gene Expression,0.6638666959283993,0.0,0.0,141356,36.518951008122016,2865
Sample_9C,8,ENSG00000106631,MYL7,Gene Expression,0.6306915925406951,0.0,0.0,144021,39.11113018043378,2889
Sample_9C,9,ENSG00000198125,MB,Gene Expression,0.6267615583501984,0.0,0.0,109179,28.798229275764925,2858
Sample_9C,10,ENSG00000163217,BMP10,Gene Expression,0.6216027456222715,0.0,0.0,51521,13.504204814939468,2673
Sample_9C,11,ENSG00000132465,JCHAIN,Gene Expression,0.6176961182196016,0.0,0.0,1167,0.7679847338035111,342
Sample_9C,12,ENSG00000129991,TNNI3,Gene Expression,0.5968826732932068,0.0,0.0,47240,12.28636083349356,2672
Sample_9C,13,ENSG00000118194,TNNT2,Gene Expression,0.5937985050005287,0.0,0.0,67565,17.81914493482958,2759
Sample_9C,14,ENSG00000125730,C3,Gene Expression,0.5891000196170284,0.0,0.0,9155,4.379235224885026,2196
Sample_9C,15,ENSG00000155657,TTN,Gene Expression,0.5860651636615208,0.0,0.0,46529,12.161885744779436,2680
Sample_9C,16,ENSG00000198523,PLN,Gene Expression,0.5731414329015091,0.0,0.0,26378,6.706612237570369,2500
Sample_9C,17,ENSG00000173991,TCAP,Gene Expression,0.5673008317473677,0.0,0.0,40364,10.774738681986978,2655
Sample_9C,18,ENSG00000148677,ANKRD1,Gene Expression,0.5548983825030025,0.0,0.0,33378,8.9930968373073,2598
Sample_9C,19,ENSG00000116690,PRG4,Gene Expression,0.5523630339959056,0.0,0.0,6970,3.37028302690979,1896
Sample_9C,20,ENSG00000104879,CKM,Gene Expression,0.5498779975454661,0.0,0.0,27973,7.210069554746542,2541
Sample_9D,1,ENSG00000179914,ITLN1,Gene Expression,0.6990571900962934,0.0,0.0,26245,15.250832187584566,1864
Sample_9D,2,ENSG00000197616,MYH6,Gene Expression,0.6957276903103533,0.0,0.0,85063,35.953217849511454,2070
Sample_9D,3,ENSG00000159251,ACTC1,Gene Expression,0.6703695033968203,0.0,0.0,67768,28.757905621772597,2064
Sample_9D,4,ENSG00000198125,MB,Gene Expression,0.6314524074979424,0.0,0.0,48850,21.051509710957482,2041
Sample_9D,5,ENSG00000175206,NPPA,Gene Expression,0.5896223693215412,0.0,0.0,51495,22.1127477177132,2061
Sample_9D,6,ENSG00000155657,TTN,Gene Expression,0.5777205662513815,0.0,0.0,22118,9.383960282173982,1958
Sample_9D,7,ENSG00000163217,BMP10,Gene Expression,0.5632158239494569,0.0,0.0,15540,6.5517020074942325,1883
Sample_9D,8,ENSG00000118194,TNNT2,Gene Expression,0.5624746927335108,0.0,0.0,19567,8.364884636276159,1942
Sample_9D,9,ENSG00000129991,TNNI3,Gene Expression,0.5472488163498078,0.0,0.0,20672,8.815898812477501,1958
Sample_9D,10,ENSG00000106631,MYL7,Gene Expression,0.5373153988664747,0.0,0.0,21060,9.041614686769025,1944
Sample_9D,11,ENSG00000148677,ANKRD1,Gene Expression,0.5287567576495386,0.0,0.0,16267,6.9834269444186186,1908
Sample_9D,12,ENSG00000116690,PRG4,Gene Expression,0.5150594895126417,0.0,0.0,2938,1.6758202224543113,822
Sample_9D,13,ENSG00000173991,TCAP,Gene Expression,0.5019282170751106,0.0,0.0,14575,6.270524198233475,1907
Sample_9D,14,ENSG00000198523,PLN,Gene Expression,0.4933764161571749,0.0,0.0,10992,4.6838799698550755,1858
Sample_9D,15,ENSG00000109846,CRYAB,Gene Expression,0.493272445873612,0.0,0.0,21146,9.058798290737112,2004
Sample_9D,16,ENSG00000174437,ATP2A2,Gene Expression,0.4898403391898073,0.0,0.0,14239,6.103156547712339,1926
Sample_9D,17,ENSG00000198336,MYL4,Gene Expression,0.4699582345605752,0.0,0.0,10914,4.678350064083769,1874
Sample_9D,18,ENSG00000125730,C3,Gene Expression,0.45479858669809514,0.0,0.0,2092,1.2080684049141783,760
Sample_9D,19,ENSG00000077522,ACTN2,Gene Expression,0.42252475321234845,0.0,0.0,8943,3.8423848468584376,1822
Sample_9D,20,ENSG00000188257,PLA2G2A,Gene Expression,0.41850341011835035,0.0,0.0,1999,1.0750373280013845,770
